SR_ref_no,SR_date,category hierarchy,assigned_account,machine_model,serial_number,component_serial_number,commission_date,complaint_category,make,Name,type_of_activity,defect_no,problem_reported,problem_summary,sub_assembly,failure_mode,cause,corrective_action,problem,product_category
SRV-2023-0001,2023-01-05,Mechanical/Critical,ACC-INDUS-001,LT-3500,SN-LT3500-78621,CSN-MT7842,2022-03-15,Performance,Industrial Lathes Inc.,Johnson Manufacturing,Emergency Repair,DEF-0112,Spindle rotation inconsistent and noisy,Spindle issues affecting machining precision,Main Spindle Assembly,Erratic Movement,Bearing failure due to inadequate lubrication,Replaced spindle bearings and implemented automatic lubrication system,Spindle Malfunction,CNC Lathe
SRV-2023-0002,2023-01-12,Electrical/Medium,ACC-META-002,LT-2200,SN-LT2200-32145,CSN-CT1278,2021-11-28,Electrical,MetalCraft Tools,Superior Tooling,Scheduled Maintenance,DEF-0081,Control panel showing intermittent errors,Error codes appearing during operation cycles,Control System,System Freeze,Loose wiring connections in control cabinet,Rewired control connections and secured terminal blocks,Control System Failure,Manual Lathe
SRV-2023-0003,2023-01-18,Software/Low,ACC-PREC-003,LT-4100,SN-LT4100-90532,CSN-SP4561,2022-09-05,Software,Precision Equipment Ltd,Apex Fabrication,Software Update,DEF-0157,Tool path calculation errors occurring,Inaccurate machining due to software errors,CNC Controller,Calculation Error,Outdated firmware causing parameter misreading,Updated firmware and recalibrated tool offsets,Software Bug,CNC Lathe
SRV-2023-0004,2023-01-25,Mechanical/Critical,ACC-GLOB-004,LT-3200,SN-LT3200-45237,CSN-HD8726,2022-05-11,Performance,Global Machinery Corp,Eastside Machining,Emergency Repair,DEF-0098,Tailstock slipping during heavy cutting operations,Workpiece misalignment during machining processes,Tailstock Assembly,Component Slippage,Worn tailstock clamping mechanism,Replaced tailstock components and adjusted clamping pressure,Tailstock Failure,Heavy Duty Lathe
SRV-2023-0005,2023-02-03,Hydraulic/High,ACC-TECH-005,LT-5000,SN-LT5000-12587,CSN-HP3429,2022-08-21,Hydraulic,TechnoMachine Systems,Precision Parts Ltd,Emergency Repair,DEF-0124,Hydraulic chuck not maintaining constant pressure,Chuck pressure fluctuations causing workpiece shift,Hydraulic System,Pressure Loss,Hydraulic pump seal deterioration,Replaced pump seals and pressure relief valve,Hydraulic System Issue,CNC Lathe
SRV-2023-0006,2023-02-10,Mechanical/Medium,ACC-INDUS-001,LT-3500,SN-LT3500-78935,CSN-GB6541,2022-04-18,Mechanical,Industrial Lathes Inc.,Johnson Manufacturing,Scheduled Repair,DEF-0107,Gear noise increasing during speed changes,Gear train developing excessive backlash,Gearbox Assembly,Excessive Noise,Gear teeth wear from improper backlash adjustment,Replaced worn gears and adjusted backlash clearance,Gearbox Problem,CNC Lathe
SRV-2023-0007,2023-02-17,Electrical/Critical,ACC-META-002,LT-2800,SN-LT2800-56321,CSN-ED2178,2021-10-05,Electrical,MetalCraft Tools,Superior Tooling,Emergency Repair,DEF-0135,Drive system shutting down unexpectedly,Random shutdowns causing production delays,Drive System,Unexpected Shutdown,Overheating drive components due to cooling failure,Installed additional cooling fans and thermal sensors,Drive Failure,CNC Lathe
SRV-2023-0008,2023-02-24,Software/Medium,ACC-PREC-003,LT-4100,SN-LT4100-90875,CSN-FC1903,2022-07-12,Software,Precision Equipment Ltd,Apex Fabrication,Software Update,DEF-0146,User interface freezing during program changes,Interface becoming unresponsive during operations,User Interface,System Freeze,Memory leak in UI process,Updated UI software and increased system memory,Software Issue,CNC Lathe
SRV-2023-0009,2023-03-02,Mechanical/High,ACC-GLOB-004,LT-3200,SN-LT3200-45642,CSN-CS7824,2021-12-03,Mechanical,Global Machinery Corp,Eastside Machining,Emergency Repair,DEF-0091,Chuck jaws not centering workpiece properly,Workpiece runout exceeding tolerance specifications,Chuck Assembly,Centering Error,Chuck scroll mechanism wear affecting jaw movement,Rebuilt chuck scroll mechanism and realigned jaws,Chuck Malfunction,Heavy Duty Lathe
SRV-2023-0010,2023-03-09,Cooling/Medium,ACC-TECH-005,LT-5000,SN-LT5000-12998,CSN-CF9078,2022-06-28,Cooling,TechnoMachine Systems,Precision Parts Ltd,Scheduled Repair,DEF-0119,Coolant not reaching cutting zone effectively,Insufficient cooling causing tool wear,Coolant System,Flow Restriction,Coolant nozzles clogged with metal chips,Cleaned coolant delivery system and replaced nozzles,Coolant System Failure,CNC Lathe
SRV-2023-0011,2023-03-16,Mechanical/Critical,ACC-INDUS-001,LT-3500,SN-LT3500-79214,CSN-BA5412,2022-11-15,Performance,Industrial Lathes Inc.,Johnson Manufacturing,Emergency Repair,DEF-0103,Ball screw binding during rapid movements,Axis movement becoming rough and inaccurate,Ball Screw Assembly,Movement Restriction,Ball screw contaminated with debris,Cleaned and relubricated ball screw assembly,Ball Screw Problem,CNC Lathe
SRV-2023-0012,2023-03-23,Electrical/Medium,ACC-META-002,LT-2800,SN-LT2800-56789,CSN-SE3265,2022-01-20,Electrical,MetalCraft Tools,Superior Tooling,Scheduled Repair,DEF-0131,Servo motor overheating during continuous operation,Axis drives showing temperature warnings,Servo System,Overheating,Insufficient motor ventilation due to clogged filter,Cleaned ventilation system and replaced air filters,Servo Motor Issue,CNC Lathe
SRV-2023-0013,2023-03-30,Software/Low,ACC-PREC-003,LT-4100,SN-LT4100-91267,CSN-MM4536,2022-08-14,Software,Precision Equipment Ltd,Apex Fabrication,Software Update,DEF-0152,Manual data input commands not executing,MDI functionality partially failing,Control System,Command Error,Parameter conflict in control software,Updated parameter settings and realigned input system,Software Bug,CNC Lathe
SRV-2023-0014,2023-04-07,Hydraulic/High,ACC-GLOB-004,LT-3850,SN-LT3850-23478,CSN-HP7641,2021-09-17,Hydraulic,Global Machinery Corp,Eastside Machining,Emergency Repair,DEF-0127,Hydraulic pressure dropping during operation cycle,Progressive loss of clamping force,Hydraulic System,Pressure Loss,Hydraulic valve leakage causing system pressure drop,Replaced faulty valve and reset pressure regulator,Hydraulic System Issue,Heavy Duty Lathe
SRV-2023-0015,2023-04-14,Mechanical/Medium,ACC-TECH-005,LT-5000,SN-LT5000-13245,CSN-LS8795,2022-05-03,Mechanical,TechnoMachine Systems,Precision Parts Ltd,Scheduled Repair,DEF-0087,Lead screw backlash affecting threading accuracy,Threading operations producing inconsistent results,Lead Screw Assembly,Excessive Backlash,Wear in lead screw nut threads,Replaced lead screw nut and adjusted backlash,Lead Screw Problem,CNC Lathe
SRV-2023-0016,2023-04-21,Electrical/Critical,ACC-INDUS-001,LT-3500,SN-LT3500-79568,CSN-PW6123,2022-02-09,Electrical,Industrial Lathes Inc.,Johnson Manufacturing,Emergency Repair,DEF-0138,Power supply fluctuations causing resets,Random system restarts interrupting operations,Power System,Voltage Instability,Faulty capacitors in power supply unit,Replaced power supply unit and added stabilizer,Power Supply Failure,CNC Lathe
SRV-2023-0017,2023-04-28,Safety/High,ACC-META-002,LT-2800,SN-LT2800-57123,CSN-SD4258,2021-12-11,Safety,MetalCraft Tools,Superior Tooling,Emergency Repair,DEF-0163,Safety door interlock bypassing automatically,Machine operating with guard door open,Safety System,Interlock Failure,Damaged door sensor wiring causing false signals,Rewired safety circuit and replaced door sensors,Safety System Failure,CNC Lathe
SRV-2023-0018,2023-05-05,Mechanical/Medium,ACC-PREC-003,LT-4100,SN-LT4100-91589,CSN-WS5687,2022-10-22,Mechanical,Precision Equipment Ltd,Apex Fabrication,Scheduled Repair,DEF-0095,Way surfaces showing premature wear patterns,Slideway movement becoming rough and inconsistent,Way System,Surface Wear,Insufficient lubrication reaching way surfaces,Repaired lubrication system and resurfaced ways,Way Surface Problem,CNC Lathe
SRV-2023-0019,2023-05-12,Cooling/High,ACC-GLOB-004,LT-3850,SN-LT3850-23891,CSN-CH8976,2022-03-28,Cooling,Global Machinery Corp,Eastside Machining,Emergency Repair,DEF-0121,Coolant overheating during extended operations,Excessive coolant temperature affecting part quality,Cooling System,Temperature Elevation,Clogged radiator restricting coolant flow,Cleaned cooling system and replaced coolant,Cooling System Issue,Heavy Duty Lathe
SRV-2023-0020,2023-05-19,Mechanical/Critical,ACC-TECH-005,LT-5000,SN-LT5000-13578,CSN-TS7432,2022-07-05,Performance,TechnoMachine Systems,Precision Parts Ltd,Emergency Repair,DEF-0101,Tool turret not indexing to correct position,Tool position errors causing dimensional issues,Turret Assembly,Indexing Error,Worn turret index mechanism and sensor,Rebuilt turret indexing system and calibrated sensors,Turret Malfunction,CNC Lathe
SRV-2023-0021,2023-05-26,Electrical/Medium,ACC-INDUS-001,LT-3500,SN-LT3500-79824,CSN-EC3254,2021-11-30,Electrical,Industrial Lathes Inc.,Johnson Manufacturing,Scheduled Repair,DEF-0133,Encoder giving inconsistent position feedback,Position reading errors affecting accuracy,Feedback System,Signal Inconsistency,Encoder disc contamination causing misreads,Cleaned encoder assembly and realigned sensors,Encoder Failure,CNC Lathe
SRV-2023-0022,2023-06-02,Software/Low,ACC-META-002,LT-2800,SN-LT2800-57456,CSN-PC5897,2022-04-15,Software,MetalCraft Tools,Superior Tooling,Software Update,DEF-0148,Part program loading extremely slow,Program transfer delays causing downtime,Memory System,Data Transfer Speed,Fragmented system memory affecting access speed,Defragmented memory and optimized program storage,Software Issue,CNC Lathe
SRV-2023-0023,2023-06-09,Mechanical/High,ACC-PREC-003,LT-4100,SN-LT4100-91845,CSN-TB6329,2022-01-18,Mechanical,Precision Equipment Ltd,Apex Fabrication,Emergency Repair,DEF-0089,Tailstock barrel binding during extension,Tailstock operations becoming difficult and inaccurate,Tailstock Assembly,Movement Restriction,Contamination in tailstock barrel guide,Disassembled tailstock and restored proper clearances,Tailstock Failure,CNC Lathe
SRV-2023-0024,2023-06-16,Hydraulic/Critical,ACC-GLOB-004,LT-3850,SN-LT3850-24213,CSN-HP9087,2022-09-13,Hydraulic,Global Machinery Corp,Eastside Machining,Emergency Repair,DEF-0125,Hydraulic system leaking fluid internally,Gradual loss of system efficiency,Hydraulic System,Internal Leakage,Worn cylinder seals causing bypass flow,Replaced hydraulic cylinders and system seals,Hydraulic System Issue,Heavy Duty Lathe
SRV-2023-0025,2023-06-23,Mechanical/Medium,ACC-TECH-005,LT-5000,SN-LT5000-13896,CSN-SB4521,2022-02-25,Mechanical,TechnoMachine Systems,Precision Parts Ltd,Scheduled Repair,DEF-0105,Spindle bearing noise increasing over time,Progressive deterioration of bearing condition,Spindle Assembly,Excessive Noise,Bearing preload set incorrectly,Adjusted bearing preload and replaced damaged bearings,Spindle Malfunction,CNC Lathe
SRV-2023-0026,2023-06-30,Electrical/High,ACC-INDUS-001,LT-3500,SN-LT3500-80157,CSN-MC7654,2022-05-20,Electrical,Industrial Lathes Inc.,Johnson Manufacturing,Emergency Repair,DEF-0137,Motor contactor failing to engage consistently,Intermittent power delivery to drive system,Motor Control,Contact Failure,Contactor coil deterioration causing weak pull,Replaced motor contactor and power connections,Motor Control Failure,CNC Lathe
SRV-2023-0027,2023-07-07,Software/Medium,ACC-META-002,LT-2800,SN-LT2800-57789,CSN-PG2345,2021-10-12,Software,MetalCraft Tools,Superior Tooling,Software Update,DEF-0151,Parameter changes not saving after power cycle,Machine reverting to previous settings,Memory System,Data Retention,Backup battery failure in parameter memory,Replaced backup battery and restored parameters,Software Issue,CNC Lathe
SRV-2023-0028,2023-07-14,Mechanical/Critical,ACC-PREC-003,LT-4100,SN-LT4100-92178,CSN-CA8976,2022-12-03,Performance,Precision Equipment Ltd,Apex Fabrication,Emergency Repair,DEF-0093,Chuck actuator not maintaining clamping force,Workpiece movement during heavy cutting operations,Chuck Assembly,Force Degradation,Air trapped in hydraulic chuck actuator,Bled air from system and adjusted clamping pressure,Chuck Malfunction,CNC Lathe
SRV-2023-0029,2023-07-21,Cooling/High,ACC-GLOB-004,LT-3850,SN-LT3850-24567,CSN-CP5672,2022-06-18,Cooling,Global Machinery Corp,Eastside Machining,Emergency Repair,DEF-0123,Coolant pump making unusual noise,Pump starting to fail causing flow issues,Coolant System,Pump Noise,Pump impeller damage from metal particles,Replaced coolant pump and installed filter,Coolant System Failure,Heavy Duty Lathe
SRV-2023-0030,2023-07-28,Mechanical/Medium,ACC-TECH-005,LT-5000,SN-LT5000-14231,CSN-FS3218,2022-11-09,Mechanical,TechnoMachine Systems,Precision Parts Ltd,Scheduled Repair,DEF-0097,Feed system jerking during fine cutting passes,Inconsistent surface finish on workpieces,Feed System,Irregular Movement,Worn feed clutch causing slip-stick motion,Rebuilt feed clutch assembly and adjusted tension,Feed System Problem,CNC Lathe
SRV-2023-0031,2023-08-04,Electrical/Critical,ACC-INDUS-001,LT-3500,SN-LT3500-80481,CSN-DP9876,2022-04-11,Electrical,Industrial Lathes Inc.,Johnson Manufacturing,Emergency Repair,DEF-0139,Drive parameters resetting spontaneously,Machine losing calibration settings regularly,Drive System,Parameter Loss,EMI interference affecting drive controller,Installed EMI shielding and rerouted power cables,Drive Failure,CNC Lathe
SRV-2023-0032,2023-08-11,Software/Low,ACC-META-002,LT-2800,SN-LT2800-58123,CSN-UI4532,2022-01-05,Software,MetalCraft Tools,Superior Tooling,Software Update,DEF-0154,User interface displaying incorrect tool data,Tool offset display not matching actual values,User Interface,Display Error,Display routine misinterpreting internal data format,Updated interface software and recalibrated display,Software Bug,CNC Lathe
SRV-2023-0033,2023-08-18,Mechanical/High,ACC-PREC-003,LT-4100,SN-LT4100-92456,CSN-CB7689,2021-12-22,Mechanical,Precision Equipment Ltd,Apex Fabrication,Emergency Repair,DEF-0085,Cross slide gibs loosening during operation,Increasing play in slide causing accuracy loss,Cross Slide Assembly,Component Loosening,Incorrect torque on gib adjustment screws,Realigned cross slide and properly torqued screws,Cross Slide Problem,CNC Lathe
SRV-2023-0034,2023-08-25,Hydraulic/High,ACC-GLOB-004,LT-3850,SN-LT3850-24891,CSN-HF7123,2022-08-07,Hydraulic,Global Machinery Corp,Eastside Machining,Emergency Repair,DEF-0128,Hydraulic filter clogging prematurely,Frequent pressure drops in hydraulic system,Hydraulic System,Filter Restriction,Metal contamination in hydraulic fluid,Replaced hydraulic fluid and added magnetic filter,Hydraulic System Issue,Heavy Duty Lathe
SRV-2023-0035,2023-09-01,Mechanical/Medium,ACC-TECH-005,LT-5000,SN-LT5000-14578,CSN-BA6754,2022-03-18,Mechanical,TechnoMachine Systems,Precision Parts Ltd,Scheduled Repair,DEF-0104,Ball screw end bearings showing excessive play,Axial movement at end of travel,Ball Screw Assembly,Bearing Play,Bearing preload loss due to mounting shift,Reset bearing preload and secured mounting bolts,Ball Screw Problem,CNC Lathe
SRV-2023-0036,2023-09-08,Electrical/Critical,ACC-INDUS-001,LT-3500,SN-LT3500-80795,CSN-EC5678,2022-07-25,Electrical,Industrial Lathes Inc.,Johnson Manufacturing,Emergency Repair,DEF-0134,Encoder signal dropping out intermittently,Position loss during critical operations,Feedback System,Signal Loss,Loose connector in encoder feedback circuit,Resoldered encoder connections and secured wiring,Encoder Failure,CNC Lathe
SRV-2023-0037,2023-09-15,Software/Medium,ACC-META-002,LT-2800,SN-LT2800-58456,CSN-TC3219,2021-11-16,Software,MetalCraft Tools,Superior Tooling,Software Update,DEF-0147,Tool compensation calculations producing errors,Inconsistent dimensional results across operations,Control System,Calculation Error,Software bug in tool radius compensation,Updated control software and recalibrated offsets,Software Bug,CNC Lathe
SRV-2023-0038,2023-09-22,Mechanical/High,ACC-PREC-003,LT-4100,SN-LT4100-92789,CSN-CS5467,2022-10-30,Mechanical,Precision Equipment Ltd,Apex Fabrication,Emergency Repair,DEF-0092,Chuck jaw serrations showing excessive wear,Workpiece slippage during turning operations,Chuck Assembly,Surface Wear,Inappropriate jaw hardness for workpiece material,Replaced chuck jaws with hardened version,Chuck Malfunction,CNC Lathe
SRV-2023-0039,2023-09-29,Cooling/Critical,ACC-GLOB-004,LT-3850,SN-LT3850-25234,CSN-CF2341,2022-05-13,Cooling,Global Machinery Corp,Eastside Machining,Emergency Repair,DEF-0120,Coolant foam overflowing from reservoir,Excessive foaming contaminating work area,Coolant System,Excessive Foaming,Incorrect coolant mixture ratio causing foam,Drained system and remixed coolant properly,Coolant System Failure,Heavy Duty Lathe
SRV-2023-0040,2023-10-06,Mechanical/Critical,ACC-TECH-005,LT-5000,SN-LT5000-14902,CSN-SB9012,2022-02-14,Performance,TechnoMachine Systems,Precision Parts Ltd,Emergency Repair,DEF-0102,Spindle bearing failing catastrophically,Immediate loss of spindle function,Spindle Assembly,Component Failure,Insufficient clearance causing overheating,Rebuilt spindle with correct bearing specification,Spindle Malfunction,CNC Lathe
SRV-2023-0041,2023-10-13,Electrical/Medium,ACC-INDUS-001,LT-3500,SN-LT3500-81123,CSN-VS4327,2021-09-08,Electrical,Industrial Lathes Inc.,Johnson Manufacturing,Scheduled Repair,DEF-0140,Variable speed drive overheating regularly,Speed control becoming erratic during use,Drive System,Overheating,Cooling fan failure in drive enclosure,Replaced cooling fans and cleaned heat sinks,Drive Failure,CNC Lathe
SRV-2023-0042,2023-10-20,Safety/High,ACC-META-002,LT-2800,SN-LT2800-58789,CSN-SE7865,2022-06-02,Safety,MetalCraft Tools,Superior Tooling,Emergency Repair,DEF-0162,Safety relay not engaging properly,Machine not starting due to safety circuit,Safety System,Relay Failure,Safety relay contacts corroded from humidity,Replaced safety relay and sealed enclosure,Safety System Failure,CNC Lathe
SRV-2023-0043,2023-10-27,Mechanical/Medium,ACC-PREC-003,LT-4100,SN-LT4100-93124,CSN-WS6789,2022-04-27,Mechanical,Precision Equipment Ltd,Apex Fabrication,Scheduled Repair,DEF-0096,Way lubrication not distributing evenly,Uneven wear patterns developing on ways,Way System,Lubrication Failure,Blocked lubrication lines restricting oil flow,Cleaned lubrication system and adjusted flow rates,Way Surface Problem,CNC Lathe
SRV-2023-0044,2023-11-03,Hydraulic/High,ACC-GLOB-004,LT-3850,SN-LT3850-25578,CSN-HP1278,2022-12-19,Hydraulic,Global Machinery Corp,Eastside Machining,Emergency Repair,DEF-0126,Hydraulic pressure relief valve sticking,Pressure spikes damaging system components,Hydraulic System,Valve Malfunction,Contamination causing valve spool binding,Rebuilt relief valve and flushed hydraulic system,Hydraulic System Issue,Heavy Duty Lathe
SRV-2023-0045,2023-11-10,Mechanical/Critical,ACC-TECH-005,LT-5000,SN-LT5000-15237,CSN-TS3456,2022-09-23,Performance,TechnoMachine Systems,Precision Parts Ltd,Emergency Repair,DEF-0100,Tool turret alignment drifting over time,Gradual loss of machining accuracy,Turret Assembly,Alignment Drift,Loose mounting bolts allowing position shift,Realigned turret and secured with locking compound,Turret Malfunction,CNC Lathe
SRV-2023-0046,2023-11-17,Electrical/Medium,ACC-INDUS-001,LT-3500,SN-LT3500-81456,CSN-SP7890,2022-01-30,Electrical,Industrial Lathes Inc.,Johnson Manufacturing,Scheduled Repair,DEF-0132,Servo amplifier output fluctuating,Axis movement becoming jerky and unpredictable,Servo System,Output Instability,Failing capacitors in amplifier circuit,Replaced servo amplifier and recalibrated system,Servo Motor Issue,CNC Lathe
SRV-2023-0047,2023-11-24,Software/Low,ACC-META-002,LT-2800,SN-LT2800-59123,CSN-IO5432,2022-08-11,Software,MetalCraft Tools,Superior Tooling,Software Update,DEF-0153,I/O communication errors with peripherals,Random communication failures with attachments,Control System,Communication Error,Bus termination causing signal reflections,Added proper bus termination and updated drivers,Software Issue,CNC Lathe
SRV-2023-0048,2023-12-01,Mechanical/High,ACC-PREC-003,LT-4100,SN-LT4100-93457,CSN-CS8901,2021-10-09,Mechanical,Precision Equipment Ltd,Apex Fabrication,Emergency Repair,DEF-0094,Compound slide swivel base slipping,Angular positioning errors during operations,Compound Slide Assembly,Position Slippage,Insufficient clamping force on swivel base,Modified clamping mechanism for greater force,Compound Slide Problem,CNC Lathe
SRV-2023-0049,2023-12-08,Cooling/High,ACC-GLOB-004,LT-3850,SN-LT3850-25901,CSN-CF6745,2022-07-17,Cooling,Global Machinery Corp,Eastside Machining,Emergency Repair,DEF-0122,Coolant contamination with tramp oil,Coolant effectiveness significantly reduced,Coolant System,Fluid Contamination,Hydraulic leak contaminating coolant system,Repaired hydraulic leak and replaced coolant,Coolant System Failure,Heavy Duty Lathe
SRV-2023-0050,2023-12-15,Mechanical/Medium,ACC-TECH-005,LT-5000,SN-LT5000-15561,CSN-GS2134,2022-03-06,Mechanical,TechnoMachine Systems,Precision Parts Ltd,Scheduled Repair,DEF-0088,Gear selector mechanism sticking,Difficulty changing speed ranges,Gearbox Assembly,Mechanism Sticking,Selector fork bent from excessive force,Replaced gear selector assembly and lubricated mechanism,Gearbox Problem,CNC Lathe
SRV-2023-0051,2023-12-22,Electrical/Critical,ACC-INDUS-001,LT-3500,SN-LT3500-81789,CSN-PW8765,2022-11-24,Electrical,Industrial Lathes Inc.,Johnson Manufacturing,Emergency Repair,DEF-0136,Power supply output voltage dropping,Undervoltage warnings appearing during operation,Power System,Voltage Drop,Power supply capacitor bank deterioration,Replaced power supply capacitors and regulators,Power Supply Failure,CNC Lathe
SRV-2023-0052,2023-12-29,Software/Medium,ACC-META-002,LT-2800,SN-LT2800-59456,CSN-PC2176,2022-05-09,Software,MetalCraft Tools,Superior Tooling,Software Update,DEF-0145,Program execution pausing randomly,Unexpected stops during automated cycles,Memory System,Program Interrupt,Memory addressing errors in control system,Updated memory management software and increased RAM,Software Bug,CNC Lathe
SRV-2024-0053,2024-01-05,Mechanical/High,ACC-PREC-003,LT-4100,SN-LT4100-93781,CSN-KB5612,2022-02-20,Mechanical,Precision Equipment Ltd,Apex Fabrication,Emergency Repair,DEF-0090,Key and keyway damage in drive train,Power transmission becoming unreliable,Drive Train,Component Damage,Loose key allowing movement and fretting,Replaced key and repaired keyway surfaces,Power Transmission Issue,CNC Lathe
SRV-2024-0054,2024-01-12,Hydraulic/Critical,ACC-GLOB-004,LT-3850,SN-LT3850-26234,CSN-HP4398,2022-10-15,Hydraulic,Global Machinery Corp,Eastside Machining,Emergency Repair,DEF-0129,Hydraulic accumulator losing charge rapidly,System pressure fluctuating during operations,Hydraulic System,Pressure Fluctuation,Accumulator bladder rupture causing gas loss,Replaced hydraulic accumulator and charged system,Hydraulic System Issue,Heavy Duty Lathe
SRV-2024-0055,2024-01-19,Mechanical/Medium,ACC-TECH-005,LT-5000,SN-LT5000-15896,CSN-BA1278,2021-12-14,Mechanical,TechnoMachine Systems,Precision Parts Ltd,Scheduled Repair,DEF-0106,Ball screw lubrication system clogged,Inadequate lubrication reaching ball nuts,Ball Screw Assembly,Lubrication Failure,Oil distribution block ports blocked,Cleaned lubrication system and restored oil flow,Ball Screw Problem,CNC Lathe
SRV-2024-0056,2024-01-26,Electrical/High,ACC-INDUS-001,LT-3500,SN-LT3500-82123,CSN-EC3490,2022-08-29,Electrical,Industrial Lathes Inc.,Johnson Manufacturing,Emergency Repair,DEF-0141,Emergency stop circuit failing randomly,Machine stopping unexpectedly during operation,Control System,Circuit Failure,Corroded emergency stop contacts,Replaced E-stop switches and sealed enclosures,Control System Failure,CNC Lathe
SRV-2024-0057,2024-02-02,Software/Low,ACC-META-002,LT-2800,SN-LT2800-59789,CSN-PG9087,2022-06-27,Software,MetalCraft Tools,Superior Tooling,Software Update,DEF-0150,Parameter group settings not applying correctly,Machine not accepting parameter changes properly,Memory System,Settings Rejection,Corruption in parameter storage area,Reformatted parameter memory and restored settings,Software Issue,CNC Lathe
SRV-2024-0058,2024-02-09,Mechanical/Critical,ACC-PREC-003,LT-4100,SN-LT4100-94123,CSN-CA6754,2021-11-03,Performance,Precision Equipment Ltd,Apex Fabrication,Emergency Repair,DEF-0086,Chuck air cylinder leaking air pressure,Gradual loss of clamping force during operation,Chuck Assembly,Pressure Loss,Worn air cylinder seals causing air leakage,Rebuilt air cylinder and replaced all seals,Chuck Malfunction,CNC Lathe
SRV-2024-0059,2024-02-16,Cooling/High,ACC-GLOB-004,LT-3850,SN-LT3850-26578,CSN-CP7893,2022-04-08,Cooling,Global Machinery Corp,Eastside Machining,Emergency Repair,DEF-0118,Coolant chiller not maintaining temperature,Parts expanding during machining from heat,Cooling System,Temperature Control,Refrigerant leak in cooling circuit,Repaired refrigerant leak and recharged system,Cooling System Issue,Heavy Duty Lathe
SRV-2024-0060,2024-02-23,Mechanical/Medium,ACC-TECH-005,LT-5000,SN-LT5000-16234,CSN-FS4567,2022-09-12,Mechanical,TechnoMachine Systems,Precision Parts Ltd,Scheduled Repair,DEF-0099,Feed shaft flexible coupling cracking,Power transmission becoming unreliable,Feed System,Component Failure,Misalignment causing excessive coupling stress,Realigned shafts and installed new coupling,Feed System Problem,CNC Lathe
SRV-2024-0061,2024-03-01,Electrical/Critical,ACC-INDUS-001,LT-3500,SN-LT3500-82456,CSN-MC2345,2022-01-17,Electrical,Industrial Lathes Inc.,Johnson Manufacturing,Emergency Repair,DEF-0142,Motor control circuit breaker tripping,Frequent power interruptions during operation,Motor Control,Breaker Trip,Short circuit in motor winding,Replaced motor and updated protection settings,Motor Control Failure,CNC Lathe
SRV-2024-0062,2024-03-08,Software/Medium,ACC-META-002,LT-2800,SN-LT2800-60123,CSN-UI7654,2022-07-19,Software,MetalCraft Tools,Superior Tooling,Software Update,DEF-0155,User interface buttons becoming unresponsive,Operators unable to use certain functions,User Interface,Input Failure,Touch screen calibration drift over time,Recalibrated touch screen and updated drivers,Software Bug,CNC Lathe
SRV-2024-0063,2024-03-15,Mechanical/High,ACC-PREC-003,LT-4100,SN-LT4100-94456,CSN-CB8901,2022-05-24,Mechanical,Precision Equipment Ltd,Apex Fabrication,Emergency Repair,DEF-0084,Carriage lock mechanism not holding position,Workpiece shifting during heavy machining operations,Carriage Assembly,Lock Failure,Lock pad worn causing insufficient friction,Replaced lock pads and adjusted mechanism,Carriage Problem,CNC Lathe
SRV-2024-0064,2024-03-22,Hydraulic/High,ACC-GLOB-004,LT-3850,SN-LT3850-26902,CSN-HF5612,2022-12-07,Hydraulic,Global Machinery Corp,Eastside Machining,Emergency Repair,DEF-0130,Hydraulic hose rupturing during operation,Sudden loss of hydraulic pressure,Hydraulic System,Component Failure,Hose degradation from heat exposure,Replaced all hydraulic hoses with high-temp versions,Hydraulic System Issue,Heavy Duty Lathe
SRV-2024-0065,2024-03-29,Mechanical/Medium,ACC-TECH-005,LT-5000,SN-LT5000-16578,CSN-SB7689,2021-09-24,Mechanical,TechnoMachine Systems,Precision Parts Ltd,Scheduled Repair,DEF-0108,Spindle belt showing excessive wear,Belt deterioration affecting spindle performance,Spindle Drive,Component Wear,Belt tension set too high,Adjusted belt tension and replaced worn belt,Spindle Drive Problem,CNC Lathe
SRV-2024-0066,2024-04-05,Electrical/Critical,ACC-INDUS-001,LT-3500,SN-LT3500-82789,CSN-VS3421,2022-11-11,Electrical,Industrial Lathes Inc.,Johnson Manufacturing,Emergency Repair,DEF-0143,VFD displaying over-current fault codes,Drive shutting down during acceleration,Drive System,Current Overload,Motor parameters set incorrectly,Reconfigured drive parameters and tested acceleration,Drive Failure,CNC Lathe
SRV-2024-0067,2024-04-12,Safety/High,ACC-META-002,LT-2800,SN-LT2800-60456,CSN-SD9076,2022-03-27,Safety,MetalCraft Tools,Superior Tooling,Emergency Repair,DEF-0161,Safety light curtain detecting false triggers,Machine stopping randomly during operation,Safety System,False Detection,Light curtain sensors misaligned,Realigned sensors and cleaned optical surfaces,Safety System Failure,CNC Lathe
SRV-2024-0068,2024-04-19,Mechanical/Critical,ACC-PREC-003,LT-4100,SN-LT4100-94789,CSN-CS2134,2022-10-02,Performance,Precision Equipment Ltd,Apex Fabrication,Emergency Repair,DEF-0083,Carriage movement becoming extremely rough,Poor surface finish on machined parts,Way System,Movement Resistance,Chips embedded in way surfaces,Cleaned way surfaces and repaired chip guards,Way Surface Problem,CNC Lathe
SRV-2024-0069,2024-04-26,Cooling/Critical,ACC-GLOB-004,LT-3850,SN-LT3850-27234,CSN-CF3490,2022-02-05,Cooling,Global Machinery Corp,Eastside Machining,Emergency Repair,DEF-0117,Coolant flow suddenly stopping during operation,Complete loss of cutting fluid during machining,Coolant System,Flow Interruption,Coolant pump impeller sheared from shaft,Installed new pump and impeller assembly,Coolant System Failure,Heavy Duty Lathe
SRV-2024-0070,2024-05-03,Mechanical/Medium,ACC-TECH-005,LT-5000,SN-LT5000-16902,CSN-GS5432,2022-08-16,Mechanical,TechnoMachine Systems,Precision Parts Ltd,Scheduled Repair,DEF-0109,Gear teeth chipping in main drive,Noise and vibration increasing during operation,Gearbox Assembly,Component Damage,Insufficient case hardening on gear teeth,Replaced gears with proper hardened specification,Gearbox Problem,CNC Lathe
SRV-2024-0071,2024-05-10,Electrical/High,ACC-INDUS-001,LT-3500,SN-LT3500-83123,CSN-PW6754,2021-11-22,Electrical,Industrial Lathes Inc.,Johnson Manufacturing,Emergency Repair,DEF-0144,Phase imbalance in electrical supply,Machine tripping on phase protection,Power System,Phase Imbalance,Loose connection in main power feed,Tightened all power connections and balanced loads,Power Supply Failure,CNC Lathe
SRV-2024-0072,2024-05-17,Software/Low,ACC-META-002,LT-2800,SN-LT2800-60789,CSN-IO8765,2022-04-23,Software,MetalCraft Tools,Superior Tooling,Software Update,DEF-0149,I/O mapping configuration lost after update,External devices not responding correctly,Control System,Configuration Loss,Software update overwrote custom I/O maps,Restored I/O configuration from backup files,Software Issue,CNC Lathe
SRV-2024-0073,2024-05-24,Mechanical/High,ACC-PREC-003,LT-4100,SN-LT4100-95123,CSN-TB1098,2022-07-08,Mechanical,Precision Equipment Ltd,Apex Fabrication,Emergency Repair,DEF-0082,Taper attachment guide bar binding,Inconsistent taper angles being produced,Taper Attachment,Movement Restriction,Guide bar misalignment causing binding,Realigned taper guide system and adjusted clearances,Taper System Problem,CNC Lathe
SRV-2024-0074,2024-05-31,Hydraulic/Critical,ACC-GLOB-004,LT-3850,SN-LT3850-27567,CSN-HP7654,2022-01-13,Hydraulic,Global Machinery Corp,Eastside Machining,Emergency Repair,DEF-0131,Hydraulic pump making excessive noise,System pressure pulsating during operation,Hydraulic System,Pump Noise,Pump cavitation due to insufficient inlet flow,Modified inlet line and replaced pump elements,Hydraulic System Issue,Heavy Duty Lathe
SRV-2024-0075,2024-06-07,Mechanical/Medium,ACC-TECH-005,LT-5000,SN-LT5000-17234,CSN-BA9876,2022-10-28,Mechanical,TechnoMachine Systems,Precision Parts Ltd,Scheduled Repair,DEF-0110,Ball screw showing excessive axial play,Position accuracy deteriorating over time,Ball Screw Assembly,Excessive Clearance,Ball nut preload loss due to wear,Replaced ball nut and restored proper preload,Ball Screw Problem,CNC Lathe
SRV-2024-0076,2024-06-14,Electrical/Critical,ACC-INDUS-001,LT-3500,SN-LT3500-83456,CSN-EC5432,2022-06-15,Electrical,Industrial Lathes Inc.,Johnson Manufacturing,Emergency Repair,DEF-0145,Encoder reading jumping erratically,Position readings changing unpredictably,Feedback System,Reading Instability,Encoder disk microfracture causing errors,Replaced encoder disk and recalibrated system,Encoder Failure,CNC Lathe
SRV-2024-0077,2024-06-21,Software/Medium,ACC-META-002,LT-2800,SN-LT2800-61123,CSN-TC7689,2021-10-19,Software,MetalCraft Tools,Superior Tooling,Software Update,DEF-0156,Tool change sequence timing out,Tool changes failing to complete properly,Control System,Sequence Timeout,Logic error in tool change sequence,Updated tool change logic and timing parameters,Software Bug,CNC Lathe
SRV-2024-0078,2024-06-28,Mechanical/High,ACC-PREC-003,LT-4100,SN-LT4100-95456,CSN-CA3421,2022-03-11,Mechanical,Precision Equipment Ltd,Apex Fabrication,Emergency Repair,DEF-0081,Chuck air distribution system leaking,Air pressure loss affecting chuck performance,Chuck Assembly,Air Leakage,Rotary union seal failure causing leaks,Replaced rotary union and resealed connections,Chuck Malfunction,CNC Lathe
SRV-2024-0079,2024-07-05,Cooling/High,ACC-GLOB-004,LT-3850,SN-LT3850-27891,CSN-CP2198,2022-12-26,Cooling,Global Machinery Corp,Eastside Machining,Emergency Repair,DEF-0116,Coolant nozzle positioning mechanism broken,Coolant stream not directed at cutting zone,Coolant System,Mechanism Failure,Nozzle joint wear causing positioning drift,Installed articulated nozzle system with locks,Coolant System Failure,Heavy Duty Lathe
SRV-2024-0080,2024-07-12,Mechanical/Critical,ACC-TECH-005,LT-5000,SN-LT5000-17567,CSN-TS4567,2022-02-28,Performance,TechnoMachine Systems,Precision Parts Ltd,Emergency Repair,DEF-0111,Tool turret disk damaged from collision,Tool positions no longer accurate,Turret Assembly,Component Damage,Operator error causing machine collision,Rebuilt turret disk and implemented safety checks,Turret Malfunction,CNC Lathe
SRV-2024-0081,2024-07-19,Electrical/Medium,ACC-INDUS-001,LT-3500,SN-LT3500-83789,CSN-SP6543,2022-09-04,Electrical,Industrial Lathes Inc.,Johnson Manufacturing,Scheduled Repair,DEF-0146,Servo driver current limiting activated,Reduced axis acceleration and performance,Servo System,Current Limitation,Servo driver heat sink clogged with dust,Cleaned cooling system and adjusted current limits,Servo Motor Issue,CNC Lathe
SRV-2024-0082,2024-07-26,Software/Low,ACC-META-002,LT-2800,SN-LT2800-61456,CSN-MM3217,2022-05-17,Software,MetalCraft Tools,Superior Tooling,Software Update,DEF-0157,Machine coordinates offset from workpiece,Dimensional errors in finished parts,Control System,Coordinate Error,Reference position drift after power cycles,Updated coordinate system management software,Software Bug,CNC Lathe
SRV-2024-0083,2024-08-02,Mechanical/Medium,ACC-PREC-003,LT-4100,SN-LT4100-95789,CSN-WS8765,2021-08-30,Mechanical,Precision Equipment Ltd,Apex Fabrication,Scheduled Repair,DEF-0098,Way scraper failure allowing debris accumulation,Slide movement becoming rough and inconsistent,Way System,Scraper Failure,Hardened chips damaging way scrapers,Replaced way scrapers and cleaned surfaces,Way Surface Problem,CNC Lathe
SRV-2024-0084,2024-08-09,Hydraulic/High,ACC-GLOB-004,LT-3850,SN-LT3850-28234,CSN-HP1234,2022-11-18,Hydraulic,Global Machinery Corp,Eastside Machining,Emergency Repair,DEF-0132,Hydraulic system overheating during operation,Performance degradation during extended use,Hydraulic System,Temperature Elevation,Insufficient cooling capacity for system demands,Installed additional oil cooler and temperature controls,Hydraulic System Issue,Heavy Duty Lathe
SRV-2024-0085,2024-08-16,Mechanical/Medium,ACC-TECH-005,LT-5000,SN-LT5000-17891,CSN-SB5678,2022-04-01,Mechanical,TechnoMachine Systems,Precision Parts Ltd,Scheduled Repair,DEF-0112,Spindle drawbar spring tension reduced,Tool holder pulling force diminished,Spindle Assembly,Tension Loss,Spring fatigue from extended use,Replaced drawbar springs and adjusted tension,Spindle Malfunction,CNC Lathe
SRV-2024-0086,2024-08-23,Electrical/Critical,ACC-INDUS-001,LT-3500,SN-LT3500-84123,CSN-DP4321,2022-07-31,Electrical,Industrial Lathes Inc.,Johnson Manufacturing,Emergency Repair,DEF-0147,Drive protection circuit activating spuriously,Random machine shutdowns during operation,Drive System,Protection Activation,Noise on feedback signal triggering protection,Installed signal filters and shielded cables,Drive Failure,CNC Lathe
SRV-2024-0087,2024-08-30,Safety/High,ACC-META-002,LT-2800,SN-LT2800-61789,CSN-SE9087,2022-01-24,Safety,MetalCraft Tools,Superior Tooling,Emergency Repair,DEF-0160,Safety limit switches not triggering,Axis overtravel possible during operation,Safety System,Switch Failure,Limit switch contacts worn and oxidized,Replaced limit switches and adjusted positions,Safety System Failure,CNC Lathe
SRV-2024-0088,2024-09-06,Mechanical/High,ACC-PREC-003,LT-4100,SN-LT4100-96123,CSN-TB7680,2022-06-22,Mechanical,Precision Equipment Ltd,Apex Fabrication,Emergency Repair,DEF-0080,Tailstock quill not retracting fully,Tailstock operations becoming difficult,Tailstock Assembly,Movement Restriction,Return spring broken inside tailstock,Replaced return spring mechanism,Tailstock Failure,CNC Lathe
SRV-2024-0089,2024-09-13,Cooling/Critical,ACC-GLOB-004,LT-3850,SN-LT3850-28567,CSN-CF1287,2022-08-01,Cooling,Global Machinery Corp,Eastside Machining,Emergency Repair,DEF-0115,Coolant tank developing major leak,Coolant loss causing dry cutting conditions,Coolant System,Reservoir Leak,Tank corrosion from improper coolant mixture,Replaced coolant tank and used correct mixture,Coolant System Failure,Heavy Duty Lathe
SRV-2024-0090,2024-09-20,Mechanical/Critical,ACC-TECH-005,LT-5000,SN-LT5000-18234,CSN-TS6789,2021-12-09,Performance,TechnoMachine Systems,Precision Parts Ltd,Emergency Repair,DEF-0113,Tool turret indexing extremely slow,Production delays during tool changes,Turret Assembly,Indexing Speed,Turret motor driver current set too low,Reconfigured driver settings and lubricated mechanism,Turret Malfunction,CNC Lathe
SRV-2024-0091,2024-09-27,Electrical/Medium,ACC-INDUS-001,LT-3500,SN-LT3500-84456,CSN-EC2345,2022-05-06,Electrical,Industrial Lathes Inc.,Johnson Manufacturing,Scheduled Repair,DEF-0148,Electrical cabinet overheating in summer,Control components shutting down from heat,Control System,Temperature Elevation,Cabinet cooling fan filter clogged,Cleaned filters and added auxiliary cooling,Control System Failure,CNC Lathe
SRV-2024-0092,2024-10-04,Software/Medium,ACC-META-002,LT-2800,SN-LT2800-62123,CSN-PG5432,2022-09-29,Software,MetalCraft Tools,Superior Tooling,Software Update,DEF-0158,G-code interpreter misreading certain commands,Unexpected machine movements during program,Control System,Command Interpretation,Software bug in specific G-code parsing,Updated control software with parsing fix,Software Bug,CNC Lathe
SRV-2024-0093,2024-10-11,Mechanical/High,ACC-PREC-003,LT-4100,SN-LT4100-96456,CSN-CS7654,2022-02-17,Mechanical,Precision Equipment Ltd,Apex Fabrication,Emergency Repair,DEF-0079,Chuck through-hole becoming restricted,Workpiece loading difficulties for bar work,Chuck Assembly,Passage Restriction,Material buildup in chuck through-hole,Disassembled chuck and cleaned all passages,Chuck Malfunction,CNC Lathe
SRV-2024-0094,2024-10-18,Hydraulic/Critical,ACC-GLOB-004,LT-3850,SN-LT3850-28901,CSN-HP8976,2022-10-07,Hydraulic,Global Machinery Corp,Eastside Machining,Emergency Repair,DEF-0133,Hydraulic system hunting during pressure hold,Clamping pressure fluctuating during operation,Hydraulic System,Pressure Instability,Proportional valve spool sticking,Replaced proportional valve and flushed system,Hydraulic System Issue,Heavy Duty Lathe
SRV-2024-0095,2024-10-25,Mechanical/Medium,ACC-TECH-005,LT-5000,SN-LT5000-18567,CSN-FS4321,2022-03-14,Mechanical,TechnoMachine Systems,Precision Parts Ltd,Scheduled Repair,DEF-0114,Feed rate override mechanism sticking,Unable to adjust feed during operation,Feed System,Mechanism Sticking,Feed override potentiometer contaminated with oil,Cleaned control panel and replaced potentiometer,Feed System Problem,CNC Lathe
SRV-2024-0096,2024-11-01,Electrical/High,ACC-INDUS-001,LT-3500,SN-LT3500-84789,CSN-MC9876,2022-12-12,Electrical,Industrial Lathes Inc.,Johnson Manufacturing,Emergency Repair,DEF-0149,Motor cooling fan failed completely,Motor overheating during continuous operation,Motor Control,Cooling Failure,Fan bearing seizure from dust buildup,Replaced motor cooling fan and cleaned enclosure,Motor Control Failure,CNC Lathe
SRV-2024-0097,2024-11-08,Software/Low,ACC-META-002,LT-2800,SN-LT2800-62456,CSN-UI3456,2022-01-28,Software,MetalCraft Tools,Superior Tooling,Software Update,DEF-0159,User interface showing incorrect tool offsets,Tool offset display not matching actual values,User Interface,Display Error,Data conversion error in display routine,Updated interface software with correct conversion,Software Bug,CNC Lathe
SRV-2024-0098,2024-11-15,Mechanical/Critical,ACC-PREC-003,LT-4100,SN-LT4100-96789,CSN-KB2143,2022-08-26,Performance,Precision Equipment Ltd,Apex Fabrication,Emergency Repair,DEF-0078,Key broken in spindle drive shaft,Complete loss of spindle power transmission,Drive Train,Component Failure,Material fatigue from excessive torque loads,Replaced key and shaft with upgraded material,Power Transmission Issue,CNC Lathe
SRV-2024-0099,2024-11-22,Cooling/High,ACC-GLOB-004,LT-3850,SN-LT3850-29234,CSN-CF6543,2022-04-30,Cooling,Global Machinery Corp,Eastside Machining,Emergency Repair,DEF-0124,Coolant pump cavitating during operation,Erratic coolant flow causing poor cooling,Coolant System,Pump Cavitation,Pump inlet screen partially blocked,Cleaned inlet screen and modified piping layout,Coolant System Failure,Heavy Duty Lathe
SRV-2024-0100,2024-11-29,Mechanical/High,ACC-TECH-005,LT-5000,SN-LT5000-18901,CSN-SB5432,2022-07-14,Mechanical,TechnoMachine Systems,Precision Parts Ltd,Emergency Repair,DEF-0115,Spindle belts slipping under load,Power transmission losses during heavy cutting,Spindle Drive,Belt Slippage,Belt tension inadequate for cutting forces,Adjusted belt tension and aligned pulleys properly,Spindle Drive Problem,CNC Lathe
